{
  "name": "Salary Advance",
  "description": "Request salary advance",
  "content": "{\"optimizeSfdt\":true,\"sec\":[{\"secpr\":{\"pw\":612,\"ph\":792,\"lm\":72,\"rm\":72,\"tm\":72,\"bm\":72,\"dfp\":0,\"doep\":0,\"hd\":36,\"fd\":36,\"bi\":0,\"bc\":\"NewPage\",\"pgns\":\"Arabic\",\"ncols\":1,\"eqw\":1,\"lbtc\":0,\"cols\":[]},\"b\":[{\"pf\":{\"bdrs\":{\"tp\":{},\"lt\":{},\"rg\":{},\"bt\":{},\"h\":{},\"v\":{}},\"stn\":\"Normal\",\"lif\":{}},\"cf\":{\"bi\":false},\"i\":[{\"cf\":{\"bi\":false},\"tlp\":\"AbC company\"}]},{\"pf\":{\"bdrs\":{\"tp\":{},\"lt\":{},\"rg\":{},\"bt\":{},\"h\":{},\"v\":{}},\"stn\":\"Normal\",\"lif\":{}},\"cf\":{\"bi\":false},\"i\":[{\"cf\":{\"bi\":false},\"tlp\":\"One Evia Way\"}]},{\"pf\":{\"bdrs\":{\"tp\":{},\"lt\":{},\"rg\":{},\"bt\":{},\"h\":{},\"v\":{}},\"stn\":\"Normal\",\"lif\":{}},\"cf\":{\"bi\":false},\"i\":[{\"cf\":{\"bi\":false},\"tlp\":\"Our Silicon Vally\"}]},{\"pf\":{\"bdrs\":{\"tp\":{},\"lt\":{},\"rg\":{},\"bt\":{},\"h\":{},\"v\":{}},\"stn\":\"Normal\",\"lif\":{}},\"cf\":{\"bi\":false},\"i\":[{\"cf\":{\"bi\":false},\"tlp\":\"Moonshot road\"}]},{\"pf\":{\"bdrs\":{\"tp\":{},\"lt\":{},\"rg\":{},\"bt\":{},\"h\":{},\"v\":{}},\"stn\":\"Normal\",\"lif\":{}},\"cf\":{},\"i\":[]},{\"pf\":{\"bdrs\":{\"tp\":{},\"lt\":{},\"rg\":{},\"bt\":{},\"h\":{},\"v\":{}},\"stn\":\"Normal\",\"lif\":{}},\"cf\":{},\"i\":[{\"cf\":{\"bi\":false},\"tlp\":\"subject: {{document_title}} / {{document_id}}\"}]},{\"pf\":{\"bdrs\":{\"tp\":{},\"lt\":{},\"rg\":{},\"bt\":{},\"h\":{},\"v\":{}},\"stn\":\"Normal\",\"lif\":{}},\"cf\":{},\"i\":[]},{\"pf\":{\"bdrs\":{\"tp\":{},\"lt\":{},\"rg\":{},\"bt\":{},\"h\":{},\"v\":{}},\"stn\":\"Normal\",\"lif\":{}},\"cf\":{},\"i\":[{\"cf\":{\"bi\":false},\"tlp\":\"Dear sir\"}]},{\"pf\":{\"bdrs\":{\"tp\":{},\"lt\":{},\"rg\":{},\"bt\":{},\"h\":{},\"v\":{}},\"stn\":\"Normal\",\"lif\":{}},\"cf\":{},\"i\":[]},{\"pf\":{\"bdrs\":{\"tp\":{},\"lt\":{},\"rg\":{},\"bt\":{},\"h\":{},\"v\":{}},\"stn\":\"Normal\",\"lif\":{}},\"cf\":{},\"i\":[{\"cf\":{\"bi\":false},\"tlp\":\"Please approve me a Salary advance of 1 miilion us$ which you can deduct in three months\"}]},{\"pf\":{\"bdrs\":{\"tp\":{},\"lt\":{},\"rg\":{},\"bt\":{},\"h\":{},\"v\":{}},\"stn\":\"Normal\",\"lif\":{}},\"cf\":{},\"i\":[]},{\"pf\":{\"bdrs\":{\"tp\":{},\"lt\":{},\"rg\":{},\"bt\":{},\"h\":{},\"v\":{}},\"stn\":\"Normal\",\"lif\":{}},\"cf\":{},\"i\":[]},{\"pf\":{\"bdrs\":{\"tp\":{},\"lt\":{},\"rg\":{},\"bt\":{},\"h\":{},\"v\":{}},\"stn\":\"Normal\",\"lif\":{}},\"cf\":{\"bi\":false},\"i\":[{\"cf\":{\"bi\":false},\"tlp\":\"Thanks and Best regards\"}]},{\"pf\":{\"bdrs\":{\"tp\":{},\"lt\":{},\"rg\":{},\"bt\":{},\"h\":{},\"v\":{}},\"stn\":\"Normal\",\"lif\":{}},\"cf\":{},\"i\":[]},{\"pf\":{\"bdrs\":{\"tp\":{},\"lt\":{},\"rg\":{},\"bt\":{},\"h\":{},\"v\":{}},\"stn\":\"Normal\",\"lif\":{}},\"cf\":{},\"i\":[]},{\"pf\":{\"bdrs\":{\"tp\":{},\"lt\":{},\"rg\":{},\"bt\":{},\"h\":{},\"v\":{}},\"stn\":\"Normal\",\"lif\":{}},\"cf\":{},\"i\":[{\"cf\":{\"bi\":false},\"tlp\":\"{{signature_field}}\"}]},{\"pf\":{\"bdrs\":{\"tp\":{},\"lt\":{},\"rg\":{},\"bt\":{},\"h\":{},\"v\":{}},\"stn\":\"Normal\",\"lif\":{}},\"cf\":{},\"i\":[{\"cf\":{\"bi\":false},\"tlp\":\"OnMillenial\"},{\"cf\":{\"bi\":false},\"tlp\":\"\\u000b\"}]}],\"hf\":{}}],\"cf\":{\"b\":false,\"i\":false,\"fsz\":11,\"ff\":\"Calibri\",\"u\":0,\"st\":0,\"ba\":0,\"hc\":0,\"fc\":\"#00000000\",\"bbi\":false,\"ibi\":false,\"fszbi\":11,\"ffbi\":\"Calibri\",\"ac\":false,\"ffa\":\"Calibri\",\"ffnfe\":\"Calibri\",\"fffe\":\"Calibri\"},\"pf\":{\"bdrs\":{\"tp\":{},\"lt\":{},\"rg\":{},\"bt\":{},\"h\":{},\"v\":{}},\"lin\":0,\"rin\":0,\"fin\":0,\"ta\":0,\"bs\":0,\"as\":0,\"ls\":1,\"lst\":0,\"bi\":false,\"klt\":false,\"kwn\":false,\"wc\":true,\"lif\":{}},\"tfl\":{},\"dtw\":36,\"tc\":0,\"enf\":0,\"hv\":\"\",\"sv\":\"\",\"fmt\":0,\"pt\":0,\"dhtml\":0,\"ffs\":1,\"comp\":0,\"stytbl\":0,\"sty\":[{\"n\":\"Normal\",\"t\":0,\"pf\":{\"bdrs\":{\"tp\":{},\"lt\":{},\"rg\":{},\"bt\":{},\"h\":{},\"v\":{}},\"lif\":{}},\"cf\":{},\"nx\":\"Normal\"},{\"n\":\"Heading 1\",\"t\":0,\"pf\":{\"bdrs\":{\"tp\":{},\"lt\":{},\"rg\":{},\"bt\":{},\"h\":{},\"v\":{}},\"lin\":0,\"rin\":0,\"fin\":0,\"ta\":0,\"bs\":12,\"as\":0,\"ls\":1.0791666507720947,\"lst\":0,\"ol\":1,\"lif\":{}},\"cf\":{\"fsz\":16,\"ff\":\"Calibri Light\",\"fc\":\"#2F5496\",\"fszbi\":16,\"ffa\":\"Calibri Light\",\"ffnfe\":\"Calibri Light\",\"fffe\":\"Calibri Light\"},\"b\":\"Normal\",\"nx\":\"Normal\"},{\"n\":\"Heading 1 Char\",\"t\":1,\"cf\":{\"fsz\":16,\"ff\":\"Calibri Light\",\"fc\":\"#2F5496\",\"fszbi\":16,\"ffa\":\"Calibri Light\",\"ffnfe\":\"Calibri Light\",\"fffe\":\"Calibri Light\"},\"b\":\"Default Paragraph Font\"},{\"n\":\"Default Paragraph Font\",\"t\":1,\"cf\":{}},{\"n\":\"Heading 2\",\"t\":0,\"pf\":{\"bdrs\":{\"tp\":{},\"lt\":{},\"rg\":{},\"bt\":{},\"h\":{},\"v\":{}},\"lin\":0,\"rin\":0,\"fin\":0,\"ta\":0,\"bs\":2,\"as\":0,\"ls\":1.0791666507720947,\"lst\":0,\"ol\":2,\"lif\":{}},\"cf\":{\"fsz\":13,\"ff\":\"Calibri Light\",\"fc\":\"#2F5496\",\"fszbi\":13,\"ffa\":\"Calibri Light\",\"ffnfe\":\"Calibri Light\",\"fffe\":\"Calibri Light\"},\"b\":\"Normal\",\"nx\":\"Normal\"},{\"n\":\"Heading 2 Char\",\"t\":1,\"cf\":{\"fsz\":13,\"ff\":\"Calibri Light\",\"fc\":\"#2F5496\",\"fszbi\":13,\"ffa\":\"Calibri Light\",\"ffnfe\":\"Calibri Light\",\"fffe\":\"Calibri Light\"},\"b\":\"Default Paragraph Font\"},{\"n\":\"Heading 3\",\"t\":0,\"pf\":{\"bdrs\":{\"tp\":{},\"lt\":{},\"rg\":{},\"bt\":{},\"h\":{},\"v\":{}},\"lin\":0,\"rin\":0,\"fin\":0,\"ta\":0,\"bs\":2,\"as\":0,\"ls\":1.0791666507720947,\"lst\":0,\"ol\":3,\"lif\":{}},\"cf\":{\"fsz\":12,\"ff\":\"Calibri Light\",\"fc\":\"#1F3763\",\"fszbi\":12,\"ffa\":\"Calibri Light\",\"ffnfe\":\"Calibri Light\",\"fffe\":\"Calibri Light\"},\"b\":\"Normal\",\"nx\":\"Normal\"},{\"n\":\"Heading 3 Char\",\"t\":1,\"cf\":{\"fsz\":12,\"ff\":\"Calibri Light\",\"fc\":\"#1F3763\",\"fszbi\":12,\"ffa\":\"Calibri Light\",\"ffnfe\":\"Calibri Light\",\"fffe\":\"Calibri Light\"},\"b\":\"Default Paragraph Font\"},{\"n\":\"Heading 4\",\"t\":0,\"pf\":{\"bdrs\":{\"tp\":{},\"lt\":{},\"rg\":{},\"bt\":{},\"h\":{},\"v\":{}},\"lin\":0,\"rin\":0,\"fin\":0,\"ta\":0,\"bs\":2,\"as\":0,\"ls\":1.0791666507720947,\"lst\":0,\"ol\":4,\"lif\":{}},\"cf\":{\"i\":true,\"ff\":\"Calibri Light\",\"fc\":\"#2F5496\",\"ibi\":true,\"ffa\":\"Calibri Light\",\"ffnfe\":\"Calibri Light\",\"fffe\":\"Calibri Light\"},\"b\":\"Normal\",\"nx\":\"Normal\"},{\"n\":\"Heading 4 Char\",\"t\":1,\"cf\":{\"i\":true,\"ff\":\"Calibri Light\",\"fc\":\"#2F5496\",\"ibi\":true,\"ffa\":\"Calibri Light\",\"ffnfe\":\"Calibri Light\",\"fffe\":\"Calibri Light\"},\"b\":\"Default Paragraph Font\"},{\"n\":\"Heading 5\",\"t\":0,\"pf\":{\"bdrs\":{\"tp\":{},\"lt\":{},\"rg\":{},\"bt\":{},\"h\":{},\"v\":{}},\"lin\":0,\"rin\":0,\"fin\":0,\"ta\":0,\"bs\":2,\"as\":0,\"ls\":1.0791666507720947,\"lst\":0,\"ol\":5,\"lif\":{}},\"cf\":{\"ff\":\"Calibri Light\",\"fc\":\"#2F5496\",\"ffa\":\"Calibri Light\",\"ffnfe\":\"Calibri Light\",\"fffe\":\"Calibri Light\"},\"b\":\"Normal\",\"nx\":\"Normal\"},{\"n\":\"Heading 5 Char\",\"t\":1,\"cf\":{\"ff\":\"Calibri Light\",\"fc\":\"#2F5496\",\"ffa\":\"Calibri Light\",\"ffnfe\":\"Calibri Light\",\"fffe\":\"Calibri Light\"},\"b\":\"Default Paragraph Font\"},{\"n\":\"Heading 6\",\"t\":0,\"pf\":{\"bdrs\":{\"tp\":{},\"lt\":{},\"rg\":{},\"bt\":{},\"h\":{},\"v\":{}},\"lin\":0,\"rin\":0,\"fin\":0,\"ta\":0,\"bs\":2,\"as\":0,\"ls\":1.0791666507720947,\"lst\":0,\"ol\":6,\"lif\":{}},\"cf\":{\"ff\":\"Calibri Light\",\"fc\":\"#1F3763\",\"ffa\":\"Calibri Light\",\"ffnfe\":\"Calibri Light\",\"fffe\":\"Calibri Light\"},\"b\":\"Normal\",\"nx\":\"Normal\"},{\"n\":\"Heading 6 Char\",\"t\":1,\"cf\":{\"ff\":\"Calibri Light\",\"fc\":\"#1F3763\",\"ffa\":\"Calibri Light\",\"ffnfe\":\"Calibri Light\",\"fffe\":\"Calibri Light\"},\"b\":\"Default Paragraph Font\"},{\"n\":\"Header\",\"t\":0,\"pf\":{\"bdrs\":{\"tp\":{},\"lt\":{},\"rg\":{},\"bt\":{},\"h\":{},\"v\":{}},\"as\":0,\"ls\":1,\"lst\":0,\"lif\":{}},\"cf\":{},\"b\":\"Normal\",\"nx\":\"Header\"},{\"n\":\"Footer\",\"t\":0,\"pf\":{\"bdrs\":{\"tp\":{},\"lt\":{},\"rg\":{},\"bt\":{},\"h\":{},\"v\":{}},\"as\":0,\"ls\":1,\"lst\":0,\"lif\":{}},\"cf\":{},\"b\":\"Normal\",\"nx\":\"Footer\"}],\"li\":[],\"al\":[],\"cm\":[],\"r\":[],\"cx\":[],\"imgs\":{}}",
  "createdAt": "2025-05-10T16:38:31.648Z",
  "modifiedAt": "2025-05-10T16:53:32.548Z"
}