{
  "id": "2d2c7bdb-7dfe-4d3b-86dc-b9e9f762a0ad",
  "title": "Operation Manual",
  "createdAt": "2025-05-10T15:18:16.651Z",
  "modifiedAt": "2025-07-09T08:09:19.380Z",
  "currentVersion": 15,
  "versions": [
    {
      "version": 1,
      "timestamp": "2025-05-10T15:18:16.651Z",
      "comment": "Initial version"
    },
    {
      "version": 2,
      "timestamp": "2025-05-10T15:24:08.184Z",
      "comment": "Version 2"
    },
    {
      "version": 3,
      "timestamp": "2025-05-10T15:24:08.832Z",
      "comment": "Version 3"
    },
    {
      "version": 4,
      "timestamp": "2025-05-10T15:28:32.317Z",
      "comment": "Version 4"
    },
    {
      "version": 5,
      "timestamp": "2025-05-10T15:30:32.339Z",
      "comment": "Version 5"
    },
    {
      "version": 6,
      "timestamp": "2025-05-10T15:38:27.075Z",
      "comment": "Version 6"
    },
    {
      "version": 7,
      "timestamp": "2025-05-10T15:38:54.412Z",
      "comment": "Version 7"
    },
    {
      "version": 8,
      "timestamp": "2025-05-10T15:57:18.399Z",
      "comment": "Version 8"
    },
    {
      "version": 9,
      "timestamp": "2025-05-10T15:57:36.654Z",
      "comment": "Version 9"
    },
    {
      "version": 10,
      "timestamp": "2025-05-20T08:55:35.306Z",
      "comment": "Version 10"
    },
    {
      "version": 11,
      "timestamp": "2025-05-20T08:56:28.299Z",
      "comment": "Version 11"
    },
    {
      "version": 12,
      "timestamp": "2025-05-20T08:56:37.513Z",
      "comment": "Version 12"
    },
    {
      "version": 13,
      "timestamp": "2025-05-20T08:57:44.112Z",
      "comment": "Version 13"
    },
    {
      "version": 14,
      "timestamp": "2025-07-09T04:29:55.540Z",
      "comment": "Version 14"
    },
    {
      "version": 15,
      "timestamp": "2025-07-09T08:09:19.380Z",
      "comment": "Version 15"
    }
  ],
  "recordsManagement": {
    "classification": "Internal",
    "documentType": "Correspondence",
    "retentionPeriod": "7 Years",
    "recordNumber": "1003",
    "notes": "ss"
  }
}